person_index,qwen_quality_status,llama_quality_status
0,passed,passed
1,passed,passed
2,passed,passed
3,passed,passed
4,passed,passed
5,passed,passed
6,passed,passed
7,passed,passed
8,passed,passed
9,passed,passed
10,passed,passed
11,passed,passed
12,passed,passed
13,passed,passed
14,passed,passed
15,passed,passed
16,passed,passed
17,passed,passed
18,passed,passed
19,passed,passed
20,passed,passed
21,passed,passed
22,passed,passed
23,passed,passed
24,passed,passed
25,passed,passed
26,passed,passed
27,passed,passed
28,passed,passed
29,passed,passed
30,passed,passed
31,passed,passed
32,passed,passed
33,passed,passed
34,passed,passed
35,passed,passed
36,passed,passed
37,passed,passed
38,passed,passed
39,passed,passed
40,passed,passed
41,passed,passed
42,passed,passed
43,passed,passed
44,passed,passed
45,passed,passed
46,passed,passed
47,passed,passed
48,passed,passed
49,passed,passed
50,passed,passed
51,passed,passed
52,passed,passed
53,passed,passed
54,passed,passed
55,passed,passed
56,passed,passed
57,passed,passed
58,passed,passed
59,passed,passed
60,passed,passed
61,passed,passed
62,passed,passed
63,passed,passed
64,passed,passed
65,passed,passed
66,passed,passed
67,passed,passed
68,passed,passed
69,passed,passed
70,passed,passed
71,passed,passed
72,passed,passed
73,passed,passed
74,passed,passed
75,passed,passed
76,passed,passed
77,passed,passed
78,passed,passed
79,passed,passed
80,passed,passed
81,passed,passed
82,passed,passed
83,passed,passed
84,passed,passed
85,passed,passed
86,passed,passed
87,passed,passed
88,passed,passed
89,passed,passed
91,passed,passed
92,passed,passed
93,passed,passed
94,passed,passed
95,passed,passed
96,passed,passed
97,passed,passed
98,passed,passed
99,passed,passed
100,passed,passed
101,passed,passed
102,passed,passed
103,passed,passed
104,passed,passed
105,passed,passed
106,passed,passed
107,passed,passed
108,passed,passed
110,passed,passed
111,passed,passed
112,passed,passed
113,passed,passed
114,passed,passed
115,passed,passed
116,passed,passed
117,passed,passed
118,passed,passed
119,passed,passed
120,passed,passed
121,passed,passed
122,passed,passed
123,passed,passed
124,passed,passed
125,passed,passed
126,passed,passed
127,passed,passed
128,passed,passed
129,passed,passed
130,passed,passed
131,passed,passed
132,passed,passed
133,passed,passed
134,passed,passed
135,passed,passed
136,passed,passed
137,passed,passed
138,passed,passed
139,passed,passed
140,passed,passed
141,passed,passed
142,passed,passed
143,passed,passed
145,passed,passed
146,passed,passed
147,passed,passed
148,passed,passed
149,passed,passed
150,passed,passed
151,passed,passed
152,passed,passed
153,passed,passed
154,passed,passed
155,passed,passed
156,passed,passed
157,passed,passed
158,passed,passed
159,passed,passed
160,passed,passed
161,passed,passed
162,passed,passed
163,passed,passed
164,passed,passed
165,passed,passed
166,passed,passed
167,passed,passed
168,passed,passed
169,passed,passed
170,passed,passed
171,passed,passed
172,passed,passed
173,passed,passed
174,passed,passed
175,passed,passed
176,passed,passed
177,passed,passed
178,passed,passed
179,passed,passed
180,passed,passed
181,passed,passed
182,passed,passed
183,passed,passed
184,passed,passed
185,passed,passed
186,passed,passed
187,passed,passed
188,passed,passed
189,passed,passed
190,passed,passed
191,passed,passed
192,passed,passed
193,passed,passed
194,passed,passed
195,passed,passed
196,passed,passed
197,passed,passed
198,passed,passed
199,passed,passed
200,passed,passed
201,passed,passed
202,passed,passed
203,passed,passed
204,passed,passed
205,passed,passed
206,passed,passed
207,passed,passed
208,passed,passed
209,passed,passed
210,passed,passed
211,passed,passed
212,passed,passed
213,passed,passed
214,passed,passed
215,passed,passed
216,passed,passed
217,passed,passed
218,passed,passed
219,passed,passed
220,passed,passed
221,passed,passed
223,passed,passed
224,passed,passed
225,passed,passed
226,passed,passed
227,passed,passed
228,passed,passed
229,passed,passed
230,passed,passed
231,passed,passed
232,passed,passed
233,passed,passed
234,passed,passed
235,passed,passed
236,passed,passed
237,passed,passed
238,passed,passed
239,passed,passed
240,passed,passed
241,passed,passed
243,passed,passed
244,passed,passed
245,passed,passed
246,passed,passed
247,passed,passed
248,passed,passed
249,passed,passed
250,passed,passed
251,passed,passed
252,passed,passed
253,passed,passed
254,passed,passed
255,passed,passed
256,passed,passed
257,passed,passed
258,passed,passed
259,passed,passed
260,passed,passed
261,passed,passed
262,passed,passed
263,passed,passed
264,passed,passed
266,passed,passed
267,passed,passed
268,passed,passed
269,passed,passed
270,passed,passed
271,passed,passed
272,passed,passed
273,passed,passed
274,passed,passed
275,passed,passed
276,passed,passed
277,passed,passed
278,passed,passed
279,passed,passed
280,passed,passed
281,passed,passed
282,passed,passed
283,passed,passed
284,passed,passed
285,passed,passed
286,passed,passed
287,passed,passed
288,passed,passed
289,passed,passed
290,passed,passed
291,passed,passed
292,passed,passed
293,passed,passed
294,passed,passed
295,passed,passed
296,passed,passed
297,passed,passed
298,passed,passed
299,passed,passed
300,passed,passed
301,passed,passed
302,passed,passed
303,passed,passed
304,passed,passed
305,passed,passed
306,passed,passed
307,passed,passed
308,passed,passed
309,passed,passed
310,passed,passed
311,passed,passed
312,passed,passed
313,passed,passed
314,passed,passed
315,passed,passed
316,passed,passed
317,passed,passed
318,passed,passed
319,passed,passed
320,passed,passed
321,passed,passed
322,passed,passed
323,passed,passed
324,passed,passed
326,passed,passed
327,passed,passed
328,passed,passed
329,passed,passed
330,passed,passed
331,passed,passed
332,passed,passed
333,passed,passed
334,passed,passed
335,passed,passed
336,passed,passed
337,passed,passed
338,passed,passed
339,passed,passed
340,passed,passed
341,passed,passed
342,passed,passed
343,passed,passed
344,passed,passed
345,passed,passed
346,passed,passed
347,passed,passed
348,passed,passed
349,passed,passed
350,passed,passed
351,passed,passed
353,passed,passed
354,passed,passed
355,passed,passed
356,passed,passed
357,passed,passed
358,passed,passed
359,passed,passed
360,passed,passed
361,passed,passed
362,passed,passed
363,passed,passed
364,passed,passed
365,passed,passed
366,passed,passed
367,passed,passed
368,passed,passed
369,passed,passed
370,passed,passed
371,passed,passed
372,passed,passed
373,passed,passed
375,passed,passed
376,passed,passed
377,passed,passed
378,passed,passed
379,passed,passed
380,passed,passed
381,passed,passed
382,passed,passed
383,passed,passed
384,passed,passed
385,passed,passed
386,passed,passed
387,passed,passed
388,passed,passed
389,passed,passed
390,passed,passed
391,passed,passed
392,passed,passed
393,passed,passed
394,passed,passed
396,passed,passed
397,passed,passed
398,passed,passed
399,passed,passed
400,passed,passed
401,passed,passed
402,passed,passed
403,passed,passed
404,passed,passed
405,passed,passed
406,passed,passed
407,passed,passed
408,passed,passed
409,passed,passed
410,passed,passed
411,passed,passed
412,passed,passed
413,passed,passed
414,passed,passed
415,passed,passed
416,passed,passed
417,passed,passed
419,passed,passed
420,passed,passed
421,passed,passed
422,passed,passed
423,passed,passed
424,passed,passed
425,passed,passed
426,passed,passed
427,passed,passed
428,passed,passed
429,passed,passed
430,passed,passed
431,passed,passed
432,passed,passed
433,passed,passed
434,passed,passed
435,passed,passed
436,passed,passed
437,passed,passed
438,passed,passed
439,passed,passed
440,passed,passed
441,passed,passed
442,passed,passed
443,passed,passed
444,passed,passed
445,passed,passed
446,passed,passed
447,passed,passed
448,passed,passed
449,passed,passed
450,passed,passed
451,passed,passed
452,passed,passed
453,passed,passed
454,passed,passed
455,passed,passed
456,passed,passed
457,passed,passed
458,passed,passed
459,passed,passed
460,passed,passed
461,passed,passed
462,passed,passed
463,passed,passed
464,passed,passed
465,passed,passed
466,passed,passed
467,passed,passed
468,passed,passed
469,passed,passed
470,passed,passed
471,passed,passed
472,passed,passed
473,passed,passed
474,passed,passed
475,passed,passed
476,passed,passed
477,passed,passed
478,passed,passed
479,passed,passed
480,passed,passed
481,passed,passed
482,passed,passed
483,passed,passed
484,passed,passed
485,passed,passed
486,passed,passed
487,passed,passed
488,passed,passed
489,passed,passed
490,passed,passed
491,passed,passed
492,passed,passed
493,passed,passed
494,passed,passed
495,passed,passed
496,passed,passed
497,passed,passed
498,passed,passed
499,passed,passed
500,passed,passed
501,passed,passed
502,passed,passed
503,passed,passed
505,passed,passed
506,passed,passed
507,passed,passed
508,passed,passed
509,passed,passed
510,passed,passed
511,passed,passed
512,passed,passed
513,passed,passed
514,passed,passed
515,passed,passed
516,passed,passed
517,passed,passed
518,passed,passed
519,passed,passed
520,passed,passed
521,passed,passed
522,passed,passed
523,passed,passed
524,passed,passed
525,passed,passed
526,passed,passed
527,passed,passed
528,passed,passed
529,passed,passed
530,passed,passed
531,passed,passed
532,passed,passed
533,passed,passed
534,passed,passed
535,passed,passed
536,passed,passed
537,passed,passed
538,passed,passed
540,passed,passed
541,passed,passed
542,passed,passed
543,passed,passed
544,passed,passed
545,passed,passed
546,passed,passed
547,passed,passed
548,passed,passed
549,passed,passed
550,passed,passed
551,passed,passed
552,passed,passed
553,passed,passed
554,passed,passed
555,passed,passed
556,passed,passed
557,passed,passed
558,passed,passed
559,passed,passed
560,passed,passed
561,passed,passed
562,passed,passed
563,passed,passed
564,passed,passed
565,passed,passed
566,passed,passed
567,passed,passed
568,passed,passed
569,passed,passed
570,passed,passed
571,passed,passed
572,passed,passed
573,passed,passed
574,passed,passed
575,passed,passed
576,passed,passed
577,passed,passed
578,passed,passed
579,passed,passed
580,passed,passed
581,passed,passed
582,passed,passed
583,passed,passed
584,passed,passed
585,passed,passed
586,passed,passed
587,passed,passed
588,passed,passed
589,passed,passed
590,passed,passed
591,passed,passed
592,passed,passed
593,passed,passed
594,passed,passed
595,passed,passed
596,passed,passed
597,passed,passed
598,passed,passed
599,passed,passed
600,passed,passed
601,passed,passed
602,passed,passed
603,passed,passed
604,passed,passed
605,passed,passed
606,passed,passed
607,passed,passed
608,passed,passed
609,passed,passed
610,passed,passed
611,passed,passed
612,passed,passed
613,passed,passed
614,passed,passed
615,passed,passed
616,passed,passed
617,passed,passed
618,passed,passed
619,passed,passed
620,passed,passed
621,passed,passed
622,passed,passed
623,passed,passed
624,passed,passed
625,passed,passed
626,passed,passed
627,passed,passed
628,passed,passed
629,passed,passed
630,passed,passed
631,passed,passed
632,passed,passed
633,passed,passed
634,passed,passed
635,passed,passed
636,passed,passed
637,passed,passed
638,passed,passed
639,passed,passed
640,passed,passed
641,passed,passed
643,passed,passed
644,passed,passed
645,passed,passed
646,passed,passed
647,passed,passed
648,passed,passed
649,passed,passed
651,passed,passed
652,passed,passed
653,passed,passed
655,passed,passed
656,passed,passed
657,passed,passed
658,passed,passed
659,passed,passed
660,passed,passed
661,passed,passed
662,passed,passed
663,passed,passed
664,passed,passed
665,passed,passed
666,passed,passed
667,passed,passed
668,passed,passed
669,passed,passed
670,passed,passed
671,passed,passed
672,passed,passed
673,passed,passed
674,passed,passed
675,passed,passed
676,passed,passed
677,passed,passed
678,passed,passed
679,passed,passed
680,passed,passed
681,passed,passed
682,passed,passed
683,passed,passed
684,passed,passed
685,passed,passed
686,passed,passed
687,passed,passed
688,passed,passed
690,passed,passed
692,passed,passed
693,passed,passed
694,passed,passed
695,passed,passed
696,passed,passed
697,passed,passed
698,passed,passed
699,passed,passed
700,passed,passed
701,passed,passed
702,passed,passed
703,passed,passed
704,passed,passed
705,passed,passed
706,passed,passed
707,passed,passed
708,passed,passed
709,passed,passed
710,passed,passed
711,passed,passed
712,passed,passed
713,passed,passed
714,passed,passed
715,passed,passed
716,passed,passed
717,passed,passed
718,passed,passed
719,passed,passed
720,passed,passed
721,passed,passed
722,passed,passed
723,passed,passed
724,passed,passed
725,passed,passed
726,passed,passed
727,passed,passed
728,passed,passed
729,passed,passed
730,passed,passed
731,passed,passed
732,passed,passed
733,passed,passed
734,passed,passed
735,passed,passed
736,passed,passed
737,passed,passed
738,passed,passed
739,passed,passed
740,passed,passed
741,passed,passed
742,passed,passed
743,passed,passed
744,passed,passed
745,passed,passed
746,passed,passed
747,passed,passed
748,passed,passed
749,passed,passed
750,passed,passed
751,passed,passed
752,passed,passed
753,passed,passed
754,passed,passed
755,passed,passed
756,passed,passed
757,passed,passed
758,passed,passed
759,passed,passed
760,passed,passed
761,passed,passed
762,passed,passed
763,passed,passed
764,passed,passed
765,passed,passed
766,passed,passed
767,passed,passed
768,passed,passed
769,passed,passed
770,passed,passed
771,passed,passed
772,passed,passed
773,passed,passed
774,passed,passed
775,passed,passed
776,passed,passed
777,passed,passed
778,passed,passed
779,passed,passed
780,passed,passed
781,passed,passed
782,passed,passed
783,passed,passed
784,passed,passed
785,passed,passed
786,passed,passed
787,passed,passed
788,passed,passed
789,passed,passed
790,passed,passed
791,passed,passed
792,passed,passed
793,passed,passed
794,passed,passed
795,passed,passed
796,passed,passed
797,passed,passed
798,passed,passed
799,passed,passed
800,passed,passed
801,passed,passed
802,passed,passed
803,passed,passed
804,passed,passed
805,passed,passed
806,passed,passed
807,passed,passed
808,passed,passed
809,passed,passed
810,passed,passed
811,passed,passed
812,passed,passed
813,passed,passed
814,passed,passed
815,passed,passed
816,passed,passed
817,passed,passed
818,passed,passed
819,passed,passed
820,passed,passed
821,passed,passed
822,passed,passed
823,passed,passed
824,passed,passed
825,passed,passed
826,passed,passed
827,passed,passed
828,passed,passed
829,passed,passed
830,passed,passed
831,passed,passed
832,passed,passed
833,passed,passed
834,passed,passed
835,passed,passed
836,passed,passed
837,passed,passed
838,passed,passed
839,passed,passed
840,passed,passed
841,passed,passed
842,passed,passed
843,passed,passed
844,passed,passed
845,passed,passed
846,passed,passed
847,passed,passed
848,passed,passed
849,passed,passed
850,passed,passed
851,passed,passed
852,passed,passed
853,passed,passed
855,passed,passed
856,passed,passed
857,passed,passed
858,passed,passed
859,passed,passed
860,passed,passed
861,passed,passed
862,passed,passed
863,passed,passed
864,passed,passed
865,passed,passed
866,passed,passed
867,passed,passed
868,passed,passed
869,passed,passed
870,passed,passed
871,passed,passed
872,passed,passed
873,passed,passed
874,passed,passed
875,passed,passed
876,passed,passed
877,passed,passed
878,passed,passed
879,passed,passed
880,passed,passed
881,passed,passed
882,passed,passed
883,passed,passed
884,passed,passed
885,passed,passed
886,passed,passed
887,passed,passed
888,passed,passed
889,passed,passed
890,passed,passed
891,passed,passed
892,passed,passed
893,passed,passed
894,passed,passed
896,passed,passed
897,passed,passed
898,passed,passed
899,passed,passed
900,passed,passed
901,passed,passed
902,passed,passed
903,passed,passed
904,passed,passed
905,passed,passed
906,passed,passed
907,passed,passed
908,passed,passed
909,passed,passed
910,passed,passed
911,passed,passed
912,passed,passed
913,passed,passed
914,passed,passed
915,passed,passed
916,passed,passed
917,passed,passed
918,passed,passed
919,passed,passed
920,passed,passed
921,passed,passed
922,passed,passed
923,passed,passed
924,passed,passed
925,passed,passed
926,passed,passed
927,passed,passed
929,passed,passed
930,passed,passed
931,passed,passed
932,passed,passed
933,passed,passed
934,passed,passed
935,passed,passed
936,passed,passed
937,passed,passed
938,passed,passed
939,passed,passed
940,passed,passed
941,passed,passed
942,passed,passed
943,passed,passed
944,passed,passed
945,passed,passed
946,passed,passed
948,passed,passed
949,passed,passed
950,passed,passed
951,passed,passed
952,passed,passed
953,passed,passed
954,passed,passed
955,passed,passed
956,passed,passed
957,passed,passed
958,passed,passed
959,passed,passed
960,passed,passed
961,passed,passed
962,passed,passed
963,passed,passed
964,passed,passed
965,passed,passed
966,passed,passed
967,passed,passed
968,passed,passed
970,passed,passed
971,passed,passed
972,passed,passed
973,passed,passed
974,passed,passed
975,passed,passed
976,passed,passed
977,passed,passed
978,passed,passed
979,passed,passed
980,passed,passed
981,passed,passed
982,passed,passed
983,passed,passed
984,passed,passed
985,passed,passed
986,passed,passed
987,passed,passed
988,passed,passed
989,passed,passed
990,passed,passed
991,passed,passed
992,passed,passed
993,passed,passed
994,passed,passed
995,passed,passed
996,passed,passed
997,passed,passed
998,passed,passed
999,passed,passed
1000,passed,passed
1001,passed,passed
1002,passed,passed
1003,passed,passed
1004,passed,passed
1005,passed,passed
1006,passed,passed
1007,passed,passed
1008,passed,passed
1009,passed,passed
1010,passed,passed
1011,passed,passed
1012,passed,passed
1013,passed,passed
1014,passed,passed
1015,passed,passed
1016,passed,passed
1017,passed,passed
1018,passed,passed
1019,passed,passed
1020,passed,passed
1021,passed,passed
1022,passed,passed
1023,passed,passed
1024,passed,passed
1025,passed,passed
1026,passed,passed
1027,passed,passed
1028,passed,passed
1029,passed,passed
1030,passed,passed
1031,passed,passed
1032,passed,passed
1033,passed,passed
1034,passed,passed
1035,passed,passed
1036,passed,passed
1037,passed,passed
1038,passed,passed
1039,passed,passed
1040,passed,passed
1041,passed,passed
1042,passed,passed
1043,passed,passed
1044,passed,passed
1045,passed,passed
1046,passed,passed
1047,passed,passed
1048,passed,passed
1049,passed,passed
1050,passed,passed
1051,passed,passed
1052,passed,passed
1053,passed,passed
1054,passed,passed
1055,passed,passed
1056,passed,passed
1057,passed,passed
1058,passed,passed
1059,passed,passed
1060,passed,passed
1061,passed,passed
1062,passed,passed
1063,passed,passed
1064,passed,passed
1065,passed,passed
1066,passed,passed
1067,passed,passed
1068,passed,passed
1069,passed,passed
1070,passed,passed
1071,passed,passed
1072,passed,passed
1073,passed,passed
1074,passed,passed
1075,passed,passed
1076,passed,passed
1077,passed,passed
1078,passed,passed
1079,passed,passed
1080,passed,passed
1081,passed,passed
1082,passed,passed
1083,passed,passed
1084,passed,passed
1085,passed,passed
1086,passed,passed
1087,passed,passed
1088,passed,passed
1089,passed,passed
1090,passed,passed
1091,passed,passed
1092,passed,passed
1093,passed,passed
1094,passed,passed
1095,passed,passed
1096,passed,passed
1097,passed,passed
1098,passed,passed
1099,passed,passed
1100,passed,passed
1101,passed,passed
1102,passed,passed
1103,passed,passed
1104,passed,passed
1105,passed,passed
1106,passed,passed
1107,passed,passed
1108,passed,passed
1109,passed,passed
1110,passed,passed
1111,passed,passed
1112,passed,passed
1113,passed,passed
1114,passed,passed
1115,passed,passed
1116,passed,passed
1117,passed,passed
1118,passed,passed
1119,passed,passed
1120,passed,passed
1121,passed,passed
1122,passed,passed
1123,passed,passed
1124,passed,passed
1125,passed,passed
1126,passed,passed
1127,passed,passed
1128,passed,passed
1129,passed,passed
1130,passed,passed
1131,passed,passed
1132,passed,passed
1133,passed,passed
1134,passed,passed
1135,passed,passed
1136,passed,passed
1137,passed,passed
1138,passed,passed
1139,passed,passed
1140,passed,passed
1141,passed,passed
1142,passed,passed
1143,passed,passed
1144,passed,passed
1145,passed,passed
1146,passed,passed
1147,passed,passed
1148,passed,passed
1149,passed,passed
1150,passed,passed
1151,passed,passed
1152,passed,passed
1153,passed,passed
1154,passed,passed
1155,passed,passed
1156,passed,passed
1157,passed,passed
1158,passed,passed
1159,passed,passed
1160,passed,passed
1161,passed,passed
1162,passed,passed
1163,passed,passed
1164,passed,passed
1165,passed,passed
1166,passed,passed
1167,passed,passed
1168,passed,passed
1169,passed,passed
1170,passed,passed
1171,passed,passed
1172,passed,passed
1173,passed,passed
1174,passed,passed
1175,passed,passed
1176,passed,passed
1177,passed,passed
1178,passed,passed
1179,passed,passed
1180,passed,passed
1181,passed,passed
1182,passed,passed
1183,passed,passed
1184,passed,passed
1185,passed,passed
1186,passed,passed
1187,passed,passed
1188,passed,passed
1190,passed,passed
1191,passed,passed
1192,passed,passed
1193,passed,passed
1194,passed,passed
1195,passed,passed
1196,passed,passed
1197,passed,passed
1198,passed,passed
1199,passed,passed
1200,passed,passed
1201,passed,passed
1202,passed,passed
1203,passed,passed
1204,passed,passed
1205,passed,passed
1206,passed,passed
1207,passed,passed
1208,passed,passed
1209,passed,passed
1210,passed,passed
1211,passed,passed
1212,passed,passed
1213,passed,passed
1214,passed,passed
1215,passed,passed
1216,passed,passed
1217,passed,passed
1218,passed,passed
1219,passed,passed
1220,passed,passed
1221,passed,passed
1222,passed,passed
1223,passed,passed
1224,passed,passed
1225,passed,passed
1226,passed,passed
1227,passed,passed
1229,passed,passed
1230,passed,passed
1232,passed,passed
1233,passed,passed
1234,passed,passed
1235,passed,passed
1236,passed,passed
1237,passed,passed
1238,passed,passed
1239,passed,passed
1240,passed,passed
1241,passed,passed
1242,passed,passed
1243,passed,passed
1244,passed,passed
1245,passed,passed
1246,passed,passed
1247,passed,passed
1248,passed,passed
1249,passed,passed
1250,passed,passed
1251,passed,passed
1252,passed,passed
1253,passed,passed
1254,passed,passed
1255,passed,passed
1256,passed,passed
1257,passed,passed
1258,passed,passed
1259,passed,passed
1260,passed,passed
1261,passed,passed
1262,passed,passed
1263,passed,passed
1264,passed,passed
1265,passed,passed
1266,passed,passed
1267,passed,passed
1268,passed,passed
1269,passed,passed
1270,passed,passed
1271,passed,passed
1272,passed,passed
1273,passed,passed
1274,passed,passed
1275,passed,passed
1276,passed,passed
1277,passed,passed
1278,passed,passed
1279,passed,passed
1280,passed,passed
1281,passed,passed
1282,passed,passed
1283,passed,passed
1284,passed,passed
1285,passed,passed
1286,passed,passed
1287,passed,passed
1288,passed,passed
1289,passed,passed
1290,passed,passed
1291,passed,passed
1292,passed,passed
1293,passed,passed
1294,passed,passed
1295,passed,passed
1296,passed,passed
1297,passed,passed
1298,passed,passed
1299,passed,passed
1300,passed,passed
1301,passed,passed
1302,passed,passed
1303,passed,passed
1304,passed,passed
1305,passed,passed
1307,passed,passed
1308,passed,passed
1309,passed,passed
1310,passed,passed
1311,passed,passed
1312,passed,passed
1313,passed,passed
1314,passed,passed
1315,passed,passed
1316,passed,passed
1317,passed,passed
1318,passed,passed
1319,passed,passed
1320,passed,passed
1321,passed,passed
1322,passed,passed
1323,passed,passed
1324,passed,passed
1325,passed,passed
1326,passed,passed
1327,passed,passed
1328,passed,passed
1329,passed,passed
1330,passed,passed
1331,passed,passed
1332,passed,passed
1333,passed,passed
1334,passed,passed
1335,passed,passed
1336,passed,passed
1337,passed,passed
1338,passed,passed
1339,passed,passed
1340,passed,passed
1341,passed,passed
1342,passed,passed
1343,passed,passed
1344,passed,passed
1345,passed,passed
1346,passed,passed
1347,passed,passed
1348,passed,passed
1349,passed,passed
1350,passed,passed
1351,passed,passed
1352,passed,passed
1353,passed,passed
1354,passed,passed
1355,passed,passed
1356,passed,passed
1357,passed,passed
1358,passed,passed
1359,passed,passed
1360,passed,passed
1361,passed,passed
1362,passed,passed
1363,passed,passed
1364,passed,passed
1365,passed,passed
1366,passed,passed
1367,passed,passed
1368,passed,passed
1369,passed,passed
1370,passed,passed
1371,passed,passed
1372,passed,passed
1373,passed,passed
1374,passed,passed
1375,passed,passed
1376,passed,passed
1377,passed,passed
1378,passed,passed
1379,passed,passed
1380,passed,passed
1381,passed,passed
1382,passed,passed
1383,passed,passed
1384,passed,passed
1385,passed,passed
1386,passed,passed
1387,passed,passed
1388,passed,passed
1389,passed,passed
1390,passed,passed
1391,passed,passed
1393,passed,passed
1394,passed,passed
1395,passed,passed
1396,passed,passed
1397,passed,passed
1398,passed,passed
1399,passed,passed
1400,passed,passed
1401,passed,passed
1402,passed,passed
1403,passed,passed
1404,passed,passed
1405,passed,passed
1406,passed,passed
1407,passed,passed
1408,passed,passed
1409,passed,passed
1410,passed,passed
1411,passed,passed
1412,passed,passed
1413,passed,passed
1414,passed,passed
1415,passed,passed
1416,passed,passed
1417,passed,passed
1418,passed,passed
1419,passed,passed
1420,passed,passed
1421,passed,passed
1422,passed,passed
1423,passed,passed
1424,passed,passed
1425,passed,passed
1426,passed,passed
1427,passed,passed
1428,passed,passed
1429,passed,passed
1430,passed,passed
1431,passed,passed
1432,passed,passed
1433,passed,passed
1434,passed,passed
1435,passed,passed
1436,passed,passed
1437,passed,passed
1438,passed,passed
1439,passed,passed
1440,passed,passed
1441,passed,passed
1442,passed,passed
1443,passed,passed
1444,passed,passed
1445,passed,passed
1446,passed,passed
1447,passed,passed
1448,passed,passed
1450,passed,passed
1451,passed,passed
1452,passed,passed
1453,passed,passed
1454,passed,passed
1455,passed,passed
1456,passed,passed
1457,passed,passed
1458,passed,passed
1459,passed,passed
1460,passed,passed
1461,passed,passed
1462,passed,passed
1464,passed,passed
1465,passed,passed
1466,passed,passed
1468,passed,passed
1469,passed,passed
1470,passed,passed
1471,passed,passed
1472,passed,passed
1473,passed,passed
1474,passed,passed
1475,passed,passed
1476,passed,passed
1477,passed,passed
1478,passed,passed
1480,passed,passed
1481,passed,passed
1482,passed,passed
1483,passed,passed
1484,passed,passed
1485,passed,passed
1486,passed,passed
1487,passed,passed
1488,passed,passed
1489,passed,passed
1490,passed,passed
1491,passed,passed
1492,passed,passed
1493,passed,passed
1494,passed,passed
1495,passed,passed
1496,passed,passed
1497,passed,passed
1498,passed,passed
1499,passed,passed
1500,passed,passed
1501,passed,passed
1502,passed,passed
1503,passed,passed
1504,passed,passed
1505,passed,passed
1506,passed,passed
1507,passed,passed
1508,passed,passed
1509,passed,passed
1510,passed,passed
1511,passed,passed
1512,passed,passed
1513,passed,passed
1514,passed,passed
1515,passed,passed
1516,passed,passed
1517,passed,passed
1518,passed,passed
1519,passed,passed
1520,passed,passed
1521,passed,passed
1522,passed,passed
1523,passed,passed
1524,passed,passed
1525,passed,passed
1526,passed,passed
1527,passed,passed
1528,passed,passed
1529,passed,passed
1530,passed,passed
1531,passed,passed
1532,passed,passed
1533,passed,passed
1534,passed,passed
1535,passed,passed
1536,passed,passed
1537,passed,passed
1538,passed,passed
1539,passed,passed
1540,passed,passed
1541,passed,passed
1542,passed,passed
1543,passed,passed
1544,passed,passed
1545,passed,passed
1546,passed,passed
1547,passed,passed
1548,passed,passed
1549,passed,passed
1550,passed,passed
1551,passed,passed
1552,passed,passed
1553,passed,passed
1554,passed,passed
1555,passed,passed
1556,passed,passed
1557,passed,passed
1558,passed,passed
1559,passed,passed
1560,passed,passed
1562,passed,passed
1563,passed,passed
1564,passed,passed
1565,passed,passed
1566,passed,passed
1567,passed,passed
1568,passed,passed
1569,passed,passed
1570,passed,passed
1571,passed,passed
1572,passed,passed
1573,passed,passed
1574,passed,passed
1575,passed,passed
1576,passed,passed
1577,passed,passed
1578,passed,passed
1579,passed,passed
1580,passed,passed
1581,passed,passed
1582,passed,passed
1583,passed,passed
1584,passed,passed
1585,passed,passed
1586,passed,passed
1587,passed,passed
1588,passed,passed
1589,passed,passed
1590,passed,passed
1591,passed,passed
1592,passed,passed
1593,passed,passed
1594,passed,passed
1595,passed,passed
1596,passed,passed
1597,passed,passed
1598,passed,passed
1599,passed,passed
1600,passed,passed
1601,passed,passed
1602,passed,passed
1603,passed,passed
1604,passed,passed
1605,passed,passed
1606,passed,passed
1607,passed,passed
1608,passed,passed
1609,passed,passed
1610,passed,passed
1611,passed,passed
1612,passed,passed
1613,passed,passed
1614,passed,passed
1615,passed,passed
1616,passed,passed
1617,passed,passed
1618,passed,passed
1619,passed,passed
1620,passed,passed
1621,passed,passed
1622,passed,passed
1623,passed,passed
1624,passed,passed
1625,passed,passed
1626,passed,passed
1627,passed,passed
1628,passed,passed
1629,passed,passed
1630,passed,passed
1631,passed,passed
1632,passed,passed
1633,passed,passed
1634,passed,passed
1635,passed,passed
1636,passed,passed
1637,passed,passed
1638,passed,passed
1639,passed,passed
1641,passed,passed
1643,passed,passed
1644,passed,passed
1645,passed,passed
1646,passed,passed
1647,passed,passed
1648,passed,passed
1649,passed,passed
1650,passed,passed
1651,passed,passed
1652,passed,passed
1653,passed,passed
1654,passed,passed
1655,passed,passed
1656,passed,passed
1657,passed,passed
1658,passed,passed
1659,passed,passed
1660,passed,passed
1661,passed,passed
1662,passed,passed
1663,passed,passed
1664,passed,passed
1665,passed,passed
1666,passed,passed
1667,passed,passed
1668,passed,passed
1669,passed,passed
1670,passed,passed
1671,passed,passed
1672,passed,passed
1673,passed,passed
1674,passed,passed
1675,passed,passed
1676,passed,passed
1677,passed,passed
1678,passed,passed
1679,passed,passed
1680,passed,passed
1681,passed,passed
1682,passed,passed
1683,passed,passed
1684,passed,passed
1685,passed,passed
1686,passed,passed
1687,passed,passed
1688,passed,passed
1689,passed,passed
1690,passed,passed
1691,passed,passed
1692,passed,passed
1693,passed,passed
1694,passed,passed
1695,passed,passed
1696,passed,passed
1697,passed,passed
1698,passed,passed
1699,passed,passed
1700,passed,passed
1701,passed,passed
1702,passed,passed
1703,passed,passed
1704,passed,passed
1705,passed,passed
1706,passed,passed
1707,passed,passed
1708,passed,passed
1709,passed,passed
1711,passed,passed
1712,passed,passed
1713,passed,passed
1714,passed,passed
1715,passed,passed
1716,passed,passed
1717,passed,passed
1718,passed,passed
1719,passed,passed
1720,passed,passed
1721,passed,passed
1722,passed,passed
1723,passed,passed
1724,passed,passed
1725,passed,passed
1726,passed,passed
1728,passed,passed
1729,passed,passed
1730,passed,passed
1731,passed,passed
1732,passed,passed
1733,passed,passed
1734,passed,passed
1735,passed,passed
1736,passed,passed
1737,passed,passed
1738,passed,passed
1739,passed,passed
1740,passed,passed
1741,passed,passed
1742,passed,passed
1743,passed,passed
1744,passed,passed
1745,passed,passed
1746,passed,passed
1747,passed,passed
1748,passed,passed
1749,passed,passed
1750,passed,passed
1751,passed,passed
1752,passed,passed
1753,passed,passed
1754,passed,passed
1755,passed,passed
1756,passed,passed
1757,passed,passed
1759,passed,passed
1761,passed,passed
1762,passed,passed
1763,passed,passed
1764,passed,passed
1765,passed,passed
1766,passed,passed
1767,passed,passed
1768,passed,passed
1769,passed,passed
1770,passed,passed
1771,passed,passed
1772,passed,passed
1773,passed,passed
1774,passed,passed
1775,passed,passed
1776,passed,passed
1777,passed,passed
1778,passed,passed
1779,passed,passed
1780,passed,passed
1781,passed,passed
1782,passed,passed
1783,passed,passed
1784,passed,passed
1785,passed,passed
1786,passed,passed
1787,passed,passed
1788,passed,passed
1789,passed,passed
1790,passed,passed
1791,passed,passed
1792,passed,passed
1793,passed,passed
1794,passed,passed
1795,passed,passed
1796,passed,passed
1797,passed,passed
1798,passed,passed
1799,passed,passed
1800,passed,passed
1801,passed,passed
1802,passed,passed
1803,passed,passed
1804,passed,passed
1805,passed,passed
1806,passed,passed
1807,passed,passed
1808,passed,passed
1809,passed,passed
1810,passed,passed
1811,passed,passed
1812,passed,passed
1813,passed,passed
1814,passed,passed
1815,passed,passed
1816,passed,passed
1817,passed,passed
1818,passed,passed
1819,passed,passed
1820,passed,passed
1821,passed,passed
1822,passed,passed
1823,passed,passed
1824,passed,passed
1825,passed,passed
1826,passed,passed
1827,passed,passed
1828,passed,passed
1829,passed,passed
1830,passed,passed
1832,passed,passed
1833,passed,passed
1834,passed,passed
1835,passed,passed
1836,passed,passed
1837,passed,passed
1838,passed,passed
1839,passed,passed
1840,passed,passed
1841,passed,passed
1842,passed,passed
1843,passed,passed
1844,passed,passed
1845,passed,passed
1846,passed,passed
1847,passed,passed
1848,passed,passed
1849,passed,passed
1850,passed,passed
1851,passed,passed
1852,passed,passed
1853,passed,passed
1854,passed,passed
1855,passed,passed
1856,passed,passed
1858,passed,passed
1859,passed,passed
1860,passed,passed
1861,passed,passed
1862,passed,passed
1863,passed,passed
1864,passed,passed
1865,passed,passed
1866,passed,passed
1867,passed,passed
1868,passed,passed
1869,passed,passed
1870,passed,passed
1871,passed,passed
1872,passed,passed
1873,passed,passed
1874,passed,passed
1875,passed,passed
1876,passed,passed
1877,passed,passed
1878,passed,passed
1879,passed,passed
1880,passed,passed
1881,passed,passed
1882,passed,passed
1883,passed,passed
1884,passed,passed
1885,passed,passed
1886,passed,passed
1887,passed,passed
1888,passed,passed
1889,passed,passed
1890,passed,passed
1891,passed,passed
1892,passed,passed
1893,passed,passed
1894,passed,passed
1895,passed,passed
1897,passed,passed
1898,passed,passed
1899,passed,passed
1900,passed,passed
1901,passed,passed
1902,passed,passed
1903,passed,passed
1904,passed,passed
1905,passed,passed
1906,passed,passed
1907,passed,passed
1908,passed,passed
1909,passed,passed
1910,passed,passed
1911,passed,passed
1912,passed,passed
1913,passed,passed
1914,passed,passed
1915,passed,passed
1916,passed,passed
1917,passed,passed
1918,passed,passed
1919,passed,passed
1920,passed,passed
1921,passed,passed
1922,passed,passed
1923,passed,passed
1924,passed,passed
1926,passed,passed
1927,passed,passed
1928,passed,passed
1929,passed,passed
1930,passed,passed
1931,passed,passed
1932,passed,passed
1933,passed,passed
1934,passed,passed
1935,passed,passed
1936,passed,passed
1937,passed,passed
1938,passed,passed
1939,passed,passed
1940,passed,passed
1941,passed,passed
1942,passed,passed
1943,passed,passed
1944,passed,passed
1945,passed,passed
1946,passed,passed
1947,passed,passed
1948,passed,passed
1950,passed,passed
1951,passed,passed
1952,passed,passed
1953,passed,passed
1954,passed,passed
1955,passed,passed
1956,passed,passed
1957,passed,passed
1959,passed,passed
1960,passed,passed
1961,passed,passed
1962,passed,passed
1963,passed,passed
1964,passed,passed
1965,passed,passed
1966,passed,passed
1967,passed,passed
1968,passed,passed
1969,passed,passed
1970,passed,passed
1971,passed,passed
1972,passed,passed
1973,passed,passed
1974,passed,passed
1975,passed,passed
1976,passed,passed
1977,passed,passed
1978,passed,passed
1979,passed,passed
1980,passed,passed
1981,passed,passed
1982,passed,passed
1983,passed,passed
1984,passed,passed
1985,passed,passed
1986,passed,passed
1987,passed,passed
1988,passed,passed
1989,passed,passed
1990,passed,passed
1991,passed,passed
1992,passed,passed
1993,passed,passed
1994,passed,passed
1995,passed,passed
1996,passed,passed
1997,passed,passed
1998,passed,passed
1999,passed,passed
2000,passed,passed
2001,passed,passed
2002,passed,passed
2003,passed,passed
2004,passed,passed
2005,passed,passed
2006,passed,passed
2007,passed,passed
2008,passed,passed
2009,passed,passed
2010,passed,passed
2011,passed,passed
2012,passed,passed
2013,passed,passed
2014,passed,passed
2015,passed,passed
2016,passed,passed
2017,passed,passed
2018,passed,passed
2019,passed,passed
2020,passed,passed
2021,passed,passed
2022,passed,passed
2023,passed,passed
2024,passed,passed
2025,passed,passed
2026,passed,passed
2027,passed,passed
2028,passed,passed
2029,passed,passed
2030,passed,passed
2031,passed,passed
2033,passed,passed
2034,passed,passed
2035,passed,passed
2036,passed,passed
2037,passed,passed
2038,passed,passed
2039,passed,passed
2040,passed,passed
2041,passed,passed
2042,passed,passed
2043,passed,passed
2044,passed,passed
2045,passed,passed
2046,passed,passed
2047,passed,passed
2048,passed,passed
2049,passed,passed
2050,passed,passed
2051,passed,passed
2052,passed,passed
2053,passed,passed
2054,passed,passed
2055,passed,passed
2056,passed,passed
2057,passed,passed
2058,passed,passed
2059,passed,passed
2060,passed,passed
2061,passed,passed
2062,passed,passed
2063,passed,passed
2064,passed,passed
2065,passed,passed
2066,passed,passed
2067,passed,passed
2068,passed,passed
2069,passed,passed
2070,passed,passed
2071,passed,passed
2072,passed,passed
2073,passed,passed
2074,passed,passed
2075,passed,passed
2076,passed,passed
2077,passed,passed
2078,passed,passed
2079,passed,passed
2080,passed,passed
2081,passed,passed
2082,passed,passed
2083,passed,passed
2084,passed,passed
2085,passed,passed
2086,passed,passed
2087,passed,passed
2088,passed,passed
2089,passed,passed
2090,passed,passed
2091,passed,passed
2092,passed,passed
2093,passed,passed
2094,passed,passed
2095,passed,passed
2096,passed,passed
2097,passed,passed
2098,passed,passed
2099,passed,passed
2102,passed,passed
2103,passed,passed
2104,passed,passed
2105,passed,passed
2106,passed,passed
2107,passed,passed
2108,passed,passed
2109,passed,passed
2110,passed,passed
2111,passed,passed
2112,passed,passed
2113,passed,passed
2114,passed,passed
2115,passed,passed
2116,passed,passed
2117,passed,passed
2118,passed,passed
2119,passed,passed
2120,passed,passed
2121,passed,passed
2122,passed,passed
2123,passed,passed
2124,passed,passed
2125,passed,passed
2126,passed,passed
2127,passed,passed
2128,passed,passed
2129,passed,passed
2130,passed,passed
2131,passed,passed
2132,passed,passed
2133,passed,passed
2134,passed,passed
2135,passed,passed
2136,passed,passed
2137,passed,passed
2138,passed,passed
2139,passed,passed
2140,passed,passed
2141,passed,passed
2142,passed,passed
2143,passed,passed
2144,passed,passed
2145,passed,passed
2146,passed,passed
2147,passed,passed
2148,passed,passed
2149,passed,passed
2150,passed,passed
2151,passed,passed
2152,passed,passed
2153,passed,passed
2154,passed,passed
2155,passed,passed
2157,passed,passed
2158,passed,passed
2159,passed,passed
2160,passed,passed
2161,passed,passed
2163,passed,passed
2164,passed,passed
2165,passed,passed
2166,passed,passed
2167,passed,passed
2168,passed,passed
2169,passed,passed
2170,passed,passed
2171,passed,passed
2172,passed,passed
2173,passed,passed
2176,passed,passed
2177,passed,passed
2178,passed,passed
2179,passed,passed
2180,passed,passed
2181,passed,passed
2182,passed,passed
2183,passed,passed
2184,passed,passed
2185,passed,passed
2186,passed,passed
2187,passed,passed
2188,passed,passed
2189,passed,passed
2190,passed,passed
2191,passed,passed
2192,passed,passed
2193,passed,passed
2194,passed,passed
2195,passed,passed
2196,passed,passed
2197,passed,passed
2198,passed,passed
2199,passed,passed
2200,passed,passed
2202,passed,passed
2203,passed,passed
2204,passed,passed
2205,passed,passed
2206,passed,passed
2207,passed,passed
2208,passed,passed
2209,passed,passed
2210,passed,passed
2211,passed,passed
2212,passed,passed
2213,passed,passed
2214,passed,passed
2215,passed,passed
2216,passed,passed
2217,passed,passed
2218,passed,passed
2219,passed,passed
2220,passed,passed
2221,passed,passed
2222,passed,passed
2223,passed,passed
2224,passed,passed
2225,passed,passed
2226,passed,passed
2227,passed,passed
2228,passed,passed
2229,passed,passed
2231,passed,passed
2232,passed,passed
2233,passed,passed
2234,passed,passed
2235,passed,passed
2236,passed,passed
2237,passed,passed
2238,passed,passed
2239,passed,passed
2240,passed,passed
2241,passed,passed
2242,passed,passed
2243,passed,passed
2244,passed,passed
2245,passed,passed
2246,passed,passed
2248,passed,passed
2249,passed,passed
2250,passed,passed
2251,passed,passed
2252,passed,passed
2253,passed,passed
2254,passed,passed
2255,passed,passed
2256,passed,passed
2257,passed,passed
2258,passed,passed
2259,passed,passed
2260,passed,passed
2261,passed,passed
2262,passed,passed
2263,passed,passed
2264,passed,passed
2265,passed,passed
2266,passed,passed
2267,passed,passed
2268,passed,passed
2270,passed,passed
2272,passed,passed
2274,passed,passed
2275,passed,passed
2276,passed,passed
2277,passed,passed
2278,passed,passed
2279,passed,passed
2280,passed,passed
2281,passed,passed
2282,passed,passed
2283,passed,passed
2284,passed,passed
2285,passed,passed
2286,passed,passed
2287,passed,passed
2288,passed,passed
2289,passed,passed
2290,passed,passed
2291,passed,passed
2292,passed,passed
2293,passed,passed
2294,passed,passed
2295,passed,passed
2296,passed,passed
2297,passed,passed
2298,passed,passed
2299,passed,passed
2300,passed,passed
2301,passed,passed
2302,passed,passed
2303,passed,passed
2304,passed,passed
2305,passed,passed
2306,passed,passed
2307,passed,passed
2308,passed,passed
2309,passed,passed
2310,passed,passed
2311,passed,passed
2312,passed,passed
2313,passed,passed
2314,passed,passed
2315,passed,passed
2316,passed,passed
2317,passed,passed
2318,passed,passed
2319,passed,passed
2320,passed,passed
2321,passed,passed
2322,passed,passed
2323,passed,passed
2324,passed,passed
2325,passed,passed
2326,passed,passed
2327,passed,passed
2328,passed,passed
2329,passed,passed
2330,passed,passed
2331,passed,passed
2333,passed,passed
2334,passed,passed
2335,passed,passed
2336,passed,passed
2337,passed,passed
2338,passed,passed
2339,passed,passed
2340,passed,passed
2341,passed,passed
2342,passed,passed
2343,passed,passed
2344,passed,passed
2345,passed,passed
2346,passed,passed
2347,passed,passed
2348,passed,passed
2349,passed,passed
2350,passed,passed
2351,passed,passed
2352,passed,passed
2353,passed,passed
2354,passed,passed
2355,passed,passed
2356,passed,passed
2357,passed,passed
2358,passed,passed
2359,passed,passed
2360,passed,passed
2361,passed,passed
2362,passed,passed
2363,passed,passed
2364,passed,passed
2365,passed,passed
2366,passed,passed
2367,passed,passed
2368,passed,passed
2369,passed,passed
2370,passed,passed
2371,passed,passed
2372,passed,passed
2373,passed,passed
2374,passed,passed
2375,passed,passed
2377,passed,passed
2378,passed,passed
2379,passed,passed
2380,passed,passed
2381,passed,passed
2382,passed,passed
2383,passed,passed
2384,passed,passed
2385,passed,passed
2386,passed,passed
2387,passed,passed
2388,passed,passed
2389,passed,passed
2390,passed,passed
2391,passed,passed
2392,passed,passed
2393,passed,passed
2394,passed,passed
2395,passed,passed
2396,passed,passed
2397,passed,passed
2398,passed,passed
2399,passed,passed
2400,passed,passed
2401,passed,passed
2402,passed,passed
2403,passed,passed
2404,passed,passed
2405,passed,passed
2406,passed,passed
2407,passed,passed
2408,passed,passed
2409,passed,passed
2410,passed,passed
2411,passed,passed
2412,passed,passed
2413,passed,passed
2414,passed,passed
2415,passed,passed
2416,passed,passed
2417,passed,passed
2418,passed,passed
2419,passed,passed
2420,passed,passed
2421,passed,passed
2422,passed,passed
2423,passed,passed
2424,passed,passed
2425,passed,passed
2426,passed,passed
2427,passed,passed
2428,passed,passed
2430,passed,passed
2431,passed,passed
2432,passed,passed
2433,passed,passed
2434,passed,passed
2435,passed,passed
2436,passed,passed
2437,passed,passed
2438,passed,passed
2439,passed,passed
2440,passed,passed
2441,passed,passed
2442,passed,passed
2443,passed,passed
2444,passed,passed
2445,passed,passed
2447,passed,passed
2448,passed,passed
2449,passed,passed
2450,passed,passed
2451,passed,passed
2452,passed,passed
2453,passed,passed
2454,passed,passed
2455,passed,passed
2456,passed,passed
2457,passed,passed
2458,passed,passed
2459,passed,passed
2460,passed,passed
2461,passed,passed
2462,passed,passed
2463,passed,passed
2464,passed,passed
2465,passed,passed
2466,passed,passed
2467,passed,passed
2468,passed,passed
2469,passed,passed
2470,passed,passed
2471,passed,passed
2472,passed,passed
2473,passed,passed
2474,passed,passed
2475,passed,passed
2476,passed,passed
2477,passed,passed
2478,passed,passed
2479,passed,passed
2480,passed,passed
2481,passed,passed
2482,passed,passed
2483,passed,passed
2484,passed,passed
2485,passed,passed
2486,passed,passed
2487,passed,passed
2488,passed,passed
2489,passed,passed
2490,passed,passed
2491,passed,passed
2492,passed,passed
2493,passed,passed
2494,passed,passed
2495,passed,passed
2496,passed,passed
2497,passed,passed
2498,passed,passed
2499,passed,passed
2500,passed,passed
2501,passed,passed
2502,passed,passed
2503,passed,passed
2504,passed,passed
2505,passed,passed
2506,passed,passed
2507,passed,passed
2508,passed,passed
2509,passed,passed
2510,passed,passed
2511,passed,passed
2512,passed,passed
2513,passed,passed
2514,passed,passed
2515,passed,passed
2516,passed,passed
2517,passed,passed
2518,passed,passed
2519,passed,passed
2520,passed,passed
2521,passed,passed
2522,passed,passed
2523,passed,passed
2524,passed,passed
2525,passed,passed
2526,passed,passed
2527,passed,passed
2528,passed,passed
2529,passed,passed
2530,passed,passed
2531,passed,passed
2532,passed,passed
2533,passed,passed
2534,passed,passed
2535,passed,passed
2536,passed,passed
2537,passed,passed
2538,passed,passed
2539,passed,passed
2540,passed,passed
2541,passed,passed
2542,passed,passed
2543,passed,passed
2544,passed,passed
2545,passed,passed
2546,passed,passed
2547,passed,passed
2548,passed,passed
2549,passed,passed
2550,passed,passed
2551,passed,passed
2552,passed,passed
2553,passed,passed
2554,passed,passed
2555,passed,passed
2556,passed,passed
2557,passed,passed
2558,passed,passed
2559,passed,passed
2560,passed,passed
2561,passed,passed
2562,passed,passed
2563,passed,passed
2564,passed,passed
2565,passed,passed
2566,passed,passed
2567,passed,passed
2568,passed,passed
2569,passed,passed
2570,passed,passed
2571,passed,passed
2572,passed,passed
2573,passed,passed
2574,passed,passed
2575,passed,passed
2576,passed,passed
2577,passed,passed
2578,passed,passed
2579,passed,passed
2580,passed,passed
2581,passed,passed
2582,passed,passed
2583,passed,passed
2584,passed,passed
2585,passed,passed
2586,passed,passed
2587,passed,passed
2588,passed,passed
2589,passed,passed
2590,passed,passed
2591,passed,passed
2592,passed,passed
2593,passed,passed
2594,passed,passed
2595,passed,passed
2596,passed,passed
2597,passed,passed
2598,passed,passed
2599,passed,passed
2600,passed,passed
2601,passed,passed
2603,passed,passed
2604,passed,passed
2605,passed,passed
2606,passed,passed
2607,passed,passed
2608,passed,passed
2609,passed,passed
2610,passed,passed
2611,passed,passed
2612,passed,passed
2613,passed,passed
2614,passed,passed
2615,passed,passed
2616,passed,passed
2617,passed,passed
2618,passed,passed
2619,passed,passed
2620,passed,passed
2621,passed,passed
2622,passed,passed
2623,passed,passed
2624,passed,passed
2625,passed,passed
2626,passed,passed
2627,passed,passed
2628,passed,passed
2629,passed,passed
2630,passed,passed
2631,passed,passed
2632,passed,passed
2633,passed,passed
2634,passed,passed
2635,passed,passed
2636,passed,passed
2637,passed,passed
2638,passed,passed
2639,passed,passed
2640,passed,passed
2641,passed,passed
2642,passed,passed
2643,passed,passed
2644,passed,passed
2645,passed,passed
2646,passed,passed
2647,passed,passed
2648,passed,passed
2649,passed,passed
2650,passed,passed
2651,passed,passed
2652,passed,passed
2653,passed,passed
2654,passed,passed
2656,passed,passed
2657,passed,passed
2658,passed,passed
2659,passed,passed
2660,passed,passed
2661,passed,passed
2662,passed,passed
2663,passed,passed
2664,passed,passed
2665,passed,passed
2666,passed,passed
2667,passed,passed
2668,passed,passed
2669,passed,passed
2670,passed,passed
2671,passed,passed
2672,passed,passed
2673,passed,passed
2674,passed,passed
2675,passed,passed
2676,passed,passed
2677,passed,passed
2678,passed,passed
2679,passed,passed
2680,passed,passed
2681,passed,passed
2682,passed,passed
2683,passed,passed
2684,passed,passed
2685,passed,passed
2687,passed,passed
2688,passed,passed
2689,passed,passed
2690,passed,passed
2691,passed,passed
2692,passed,passed
2693,passed,passed
2694,passed,passed
2695,passed,passed
2696,passed,passed
2697,passed,passed
2698,passed,passed
2699,passed,passed
2700,passed,passed
2701,passed,passed
2702,passed,passed
2703,passed,passed
2704,passed,passed
2705,passed,passed
2706,passed,passed
2707,passed,passed
2708,passed,passed
2709,passed,passed
2710,passed,passed
2711,passed,passed
2712,passed,passed
2713,passed,passed
2714,passed,passed
2715,passed,passed
2716,passed,passed
2717,passed,passed
2718,passed,passed
2719,passed,passed
2720,passed,passed
2721,passed,passed
2722,passed,passed
2723,passed,passed
2724,passed,passed
2725,passed,passed
2726,passed,passed
2727,passed,passed
2728,passed,passed
2729,passed,passed
2730,passed,passed
2731,passed,passed
2732,passed,passed
2733,passed,passed
2734,passed,passed
2735,passed,passed
2736,passed,passed
2738,passed,passed
2739,passed,passed
2740,passed,passed
2741,passed,passed
2742,passed,passed
2743,passed,passed
2744,passed,passed
2745,passed,passed
2746,passed,passed
2747,passed,passed
2748,passed,passed
2749,passed,passed
2750,passed,passed
2751,passed,passed
2752,passed,passed
2753,passed,passed
2754,passed,passed
2755,passed,passed
2756,passed,passed
2757,passed,passed
2758,passed,passed
2759,passed,passed
2760,passed,passed
2761,passed,passed
2762,passed,passed
2763,passed,passed
2764,passed,passed
2765,passed,passed
2766,passed,passed
2767,passed,passed
2768,passed,passed
2769,passed,passed
2770,passed,passed
2771,passed,passed
2772,passed,passed
2773,passed,passed
2775,passed,passed
2776,passed,passed
2777,passed,passed
2778,passed,passed
2779,passed,passed
2780,passed,passed
2781,passed,passed
2782,passed,passed
2783,passed,passed
2784,passed,passed
2785,passed,passed
2786,passed,passed
2787,passed,passed
2788,passed,passed
2789,passed,passed
2790,passed,passed
2791,passed,passed
2792,passed,passed
2793,passed,passed
2794,passed,passed
2795,passed,passed
2796,passed,passed
2797,passed,passed
2798,passed,passed
2799,passed,passed
2800,passed,passed
2801,passed,passed
2802,passed,passed
2803,passed,passed
2804,passed,passed
2805,passed,passed
2806,passed,passed
2807,passed,passed
2808,passed,passed
2809,passed,passed
2810,passed,passed
2811,passed,passed
2812,passed,passed
2813,passed,passed
2814,passed,passed
2815,passed,passed
2816,passed,passed
2817,passed,passed
2818,passed,passed
2819,passed,passed
2820,passed,passed
2821,passed,passed
2822,passed,passed
2823,passed,passed
2824,passed,passed
2825,passed,passed
2826,passed,passed
2827,passed,passed
2828,passed,passed
2829,passed,passed
2830,passed,passed
2831,passed,passed
2832,passed,passed
2833,passed,passed
2834,passed,passed
2835,passed,passed
2836,passed,passed
2837,passed,passed
2838,passed,passed
2839,passed,passed
2840,passed,passed
2841,passed,passed
2842,passed,passed
2843,passed,passed
2844,passed,passed
2845,passed,passed
2846,passed,passed
2847,passed,passed
2848,passed,passed
2849,passed,passed
2850,passed,passed
2851,passed,passed
2852,passed,passed
2853,passed,passed
2854,passed,passed
2855,passed,passed
2856,passed,passed
2857,passed,passed
2858,passed,passed
2859,passed,passed
2860,passed,passed
2861,passed,passed
2862,passed,passed
2863,passed,passed
2864,passed,passed
2865,passed,passed
2866,passed,passed
2867,passed,passed
2868,passed,passed
2869,passed,passed
2870,passed,passed
2871,passed,passed
2872,passed,passed
2873,passed,passed
2874,passed,passed
2875,passed,passed
2876,passed,passed
2877,passed,passed
2878,passed,passed
2879,passed,passed
2880,passed,passed
2881,passed,passed
2882,passed,passed
2883,passed,passed
2884,passed,passed
2885,passed,passed
2886,passed,passed
2887,passed,passed
2888,passed,passed
2889,passed,passed
2890,passed,passed
2891,passed,passed
2892,passed,passed
2893,passed,passed
2894,passed,passed
2895,passed,passed
2896,passed,passed
2897,passed,passed
2898,passed,passed
2899,passed,passed
2900,passed,passed
2901,passed,passed
2902,passed,passed
2903,passed,passed
2904,passed,passed
2905,passed,passed
2906,passed,passed
2907,passed,passed
2908,passed,passed
2909,passed,passed
2910,passed,passed
2911,passed,passed
2912,passed,passed
2913,passed,passed
2914,passed,passed
2915,passed,passed
2916,passed,passed
2917,passed,passed
2918,passed,passed
2919,passed,passed
2920,passed,passed
2921,passed,passed
2922,passed,passed
2923,passed,passed
2924,passed,passed
2925,passed,passed
2926,passed,passed
2927,passed,passed
2928,passed,passed
2929,passed,passed
2930,passed,passed
2931,passed,passed
2932,passed,passed
2933,passed,passed
2934,passed,passed
2935,passed,passed
2936,passed,passed
2937,passed,passed
2938,passed,passed
2939,passed,passed
2940,passed,passed
2941,passed,passed
2942,passed,passed
2943,passed,passed
2944,passed,passed
2945,passed,passed
2946,passed,passed
2947,passed,passed
2948,passed,passed
2949,passed,passed
2950,passed,passed
2951,passed,passed
2952,passed,passed
2953,passed,passed
2954,passed,passed
2955,passed,passed
2956,passed,passed
2957,passed,passed
2958,passed,passed
2959,passed,passed
2960,passed,passed
2961,passed,passed
2962,passed,passed
2963,passed,passed
2964,passed,passed
2965,passed,passed
2966,passed,passed
2967,passed,passed
2968,passed,passed
2969,passed,passed
2970,passed,passed
2971,passed,passed
2972,passed,passed
2973,passed,passed
2974,passed,passed
2975,passed,passed
2976,passed,passed
2977,passed,passed
2978,passed,passed
2979,passed,passed
2980,passed,passed
2981,passed,passed
2982,passed,passed
2983,passed,passed
2984,passed,passed
2985,passed,passed
2986,passed,passed
2987,passed,passed
2988,passed,passed
2989,passed,passed
2990,passed,passed
2991,passed,passed
2992,passed,passed
2993,passed,passed
2994,passed,passed
2995,passed,passed
2996,passed,passed
2997,passed,passed
2998,passed,passed
2999,passed,passed
